Default Address 1,Default Address 2 (In case it has),Default City,Default Postal,Default State Province,USGS Region
2025 South Gordon Cooper Drive,,Shawnee,74801,OK,Southwest
101 East Broadway,,Wetumka,74883,OK,Southwest
511 East Colorado,,Anadarko,73005,OK,Southwest
117 Memorial Ln,,Binger,73009,OK,Southwest
17675 South Muskogee Avenue,,Tahlequah,74464,OK,Southwest
100 Red Moon Circle,,Concho,73022,OK,Southwest
520 East Arlington,,Ada,74820,OK,Southwest
1802 Chukka Hina Dr,,Durant,74701,OK,Southwest
1601 South Gordon Cooper Drive,,Shawnee,74801,OK,Southwest
584 NW Bingo Road,,Elgin,73507,OK,Southwest
"31064 US-281, Bldg 100",,Anadarko,73005,OK,Southwest
5100 Tuxedo Blvd.,,Bartlesville,74006,OK,Southwest
12755 S. 705 Rd,,Wyandotte,74370,OK,Southwest
43187 US-281,,Apache,73006,OK,Southwest
335588 East 750 Road,,Perkins,74059,OK,Southwest
698 Grandview Drive,,Kaw City,74641,OK,Southwest
627 East Highway 9,,Wetumka,74883,OK,Southwest
105365 South Highway 102,,McCloud,74851,OK,Southwest
100 Kiowa Way,,Carnegie,73015,OK,Southwest
202 South Eight Tribes Trail,,Miami,74354,OK,Southwest
8151 US-177,,Red Rock,74651,OK,Southwest
13 S Hwy. 69A,,Miami,74354,OK,Southwest
881 Little Dee Drive,,Pawnee,74058,OK,Southwest
118 South Eight Tribes Trail,,Miami,74355,OK,Southwest
20 White Eagle Drive,,Ponca City,74601,OK,Southwest
5681 S. 630 Rd,,Quapaw,74363,OK,Southwest
920883 S. Highway 99,Building A,Stroud,74079,OK,Southwest
23701 South 655 Road,,Grove,74344,OK,Southwest
29 S Highway 69A,,Miami,74354,OK,Southwest
22 N. Eight Tribes Trail,,Miami,74354,OK,Southwest
1007 East Eufaula Street,,Okmulgee,74447,OK,Southwest
627 Grandview,,Pawhuska,74056,OK,Southwest
5681 South 630 Road,,Quapaw,74364,OK,Southwest
36645 US-270,,Wewoka,74884,OK,Southwest
109009 N. 3830 Rd,,Okemah,74859,OK,Southwest
1 Rush Buffalo Road,,Tonkawa,74653-4449,OK,Southwest
2450 South Muskogee Avenue,,Tahlequah,74464,OK,Southwest
N/A,,Washito,73005,OK,Southwest
64700 East Highway 60,,Wyandotte,74370,OK,Southwest
"13533 US-64,",,Dulce,87528,OK,Southwest
Tesuque Street,,Santo Domingo Pueblo,87052,OK,Southwest
101 Central Avenue,,Mescalero,88340,OK,Southwest
220 Poepay Avenue,,Ohkay Owingeh,87566,OK,Southwest
25 Pinsbaari Drive,,Acoma,87034,OK,Southwest
255 Cochiti Street,,Cochiti,87072,OK,Southwest
117 Tribal Road 40,,Isleta,87022,OK,Southwest
4471 NM-4,,Jemez Pueblo,87024,OK,Southwest
22 Capital Rd,,Laguna,87026,OK,Southwest
15-A NP 102 West,,Santa Fe,75406,OK,Southwest
State Highway 75,,Penasco,87533,OK,Southwest
78 Cities of Gold Road,,Santa Fe,87506,OK,Southwest
127 Hagen Road,,San Felipe Pueblo,87001,OK,Southwest
2 Tunyo Po,,Santa Fe,87506,OK,Southwest
481 Sandia Loop,,Bernalillo,87004,OK,Southwest
2 Dove Road,,Santa Ana Pueblo,87004,OK,Southwest
578 Kee St,,Española,87532,OK,Southwest
120A Veterans Highway,,Taos,87571,OK,Southwest
TP 804,,Santa Fe,87506,OK,Southwest
135 Capitol Square Drive,,Zia Pueblo,87053-6013,OK,Southwest
Indian Service Rte 125,,Ramah,87321,OK,Southwest
1203B State Highway 53,,Zuni,87327,OK,Southwest
42507 W. Peters,,Maricopa,85138,OK,Southwest
14515S Veterans Dr,,Somerton,85350,OK,Southwest
26600 Mohave Road,,Parker,85344,OK,Southwest
17661 East Yavapai Road,,Fort McDowell,85264,OK,Southwest
525 West Gu u Ki,,Sacaton,85147,OK,Southwest
13067 AZ-66,,Valentine,86437,OK,Southwest
123 Main Street,,Kykotsmovi,86039,OK,Southwest
941 Hualapai Way,,Peach Springs,86434,OK,Southwest
1 Pipe Springs Rd,,Fredonia,86022,OK,Southwest
Navajo Tribal Hill Drive,Office of the President,Window Rock,86515,OK,Southwest
7474 S. Camino de Oeste,,Tucson,85757,OK,Southwest
10005 East Osborn Road,,Scottsdale,85256,OK,Southwest
San Carlos Avenue,,San Carlos,85550,OK,Southwest
50 S Main St,,Tuba City,86045,OK,Southwest
Tohono O'odham Nation,Main Tribal Business Loop,Sells,85634,OK,Southwest
30 Tonto,,Apache Reservation,85541,OK,Southwest
201 East Walnut Street,,Whiteriver,85941,OK,Southwest
2400 W. Datsi,,Camp Verde,86322,OK,Southwest
530 E Merritt,,Prescott,86301-2038,OK,Southwest
195 Tribal Center Rd,,Ibapah,84034,OK,Southwest
707 North Main Street,,Brigham City,84302-1449,OK,Southwest
440 N. Paiute Drive,,Cedar City,84720-2613,OK,Southwest
407 Skull Valley Rd,,Skull Valley,84029,OK,Southwest
899 South 7500 East,,Ft. Duchesne,84026,OK,Southwest
571 State Park Road 56,,Livingston,77351,OK,Southwest
2212 Rosita Valley Road,,Eagle Pass,78852,OK,Southwest
1913 Camelia Ave,,McAllen,78501,OK,Southwest
119 S. Old Pueblo Road,,El Paso,79907-6644,OK,Southwest
3345 B. Thrasher Road,,White Cloud,66439,OK,Southwest
824 111th Drive,,Horton,66439,OK,Southwest
16281 Q Road,,Mayetta,66509,OK,Southwest
305 N Main St,,Reserve,66434,OK,Southwest
356 Ouray Drive,,Ignacio,81137,OK,Southwest
124 Mike Wash Rd,Tribal Complex,Cortez,81321,OK,Southwest
350 Picacho Road,,Winterhaven,92283,OK,Southwest
2205 2nd Avenue,,Nuiqsut,99789,AK,Alaska
834 8th Street,,Kaktovik,99747,AK,Alaska
6090 Boxer Street,,Barrow,99723,AK,Alaska
419 Shugluk Street,,Atqasuk,99791,AK,Alaska
1212 Airport Road,,Wainwright,99782,AK,Alaska
217 Qigalik Avenue,,Point Lay,99759,AK,Alaska
N/A,,Artic Village,99722,AK,Alaska
305 Mekiana Road,,Anaktuvuk Pass,99721,AK,Alaska
916 Ippiq Street,,Pt. Hope,99766,AK,Alaska
N/A,,Kivalina,99750,AK,Alaska
N/A,,Noatak,99761,AK,Alaska
600 5th Avenue,,Kotzebue,99752,AK,Alaska
20 Northwind Drive,,Noorvik,99763,AK,Alaska
69 Kozak Street,,Kiana,99749,AK,Alaska
24 Andy Lane,,Shungnak,99773,AK,Alaska
P.O. Box 22069,,Kobuk,99751,AK,Alaska
101 Hickle Highway,,Bettles Field,99726,AK,Alaska
P.O. Box 81119,,Venetie,99781,AK,Alaska
59 North Tundra Street,,Selawik,99770,AK,Alaska
N/A,,Allakaket,99720,AK,Alaska
N/A,,Beaver,99724,AK,Alaska
100 Alder Street,,Fort Yukon,99740,AK,Alaska
102 Belle St.,,Chalkyitsik,99788,AK,Alaska
N/A,,Shishmaref,99772,AK,Alaska
103 Front Street,,Hughes,99745,AK,Alaska
100 Dakli Building,,Huslia,99746,AK,Alaska
